{
  "Textures": {
	  "WoodPlanks_Color.jpg": {}
  },
  "Root": [
	{
	  "Name": "Nada",
	  "Pivot": [
		0,
		0,
		0
	  ],
	  "Parts": [
		{
		  "Vrt": [
			-0.396339,
			-0.439223,
			0.452592,
			0.440717,
			0.396148,
			0.452592,
			0.5,
			-0.418182,
			0.490909,
			0.49,
			-0.409091,
			0.5,
			0.49,
			-0.418182
		  ],
		  "UV": [
			0.137431,
			0.12221,
			0.974487,
			0.12221,
			0.023068,
			0.221317,
			0.013453,
			0.225374,
			0.013453,
			0.221317
		  ],
		  "Idx": [
			2,
			3,
			0,
			0,
			1,
			2,
				...
			739,
			740,
			738,
			742,
			743,
			741
		  ],
		  "Diffuse": [
			204,
			204,
			204
		  ],
		  "Ambient": [
			0,
			0,
			0
		  ],
		  "Specular": [
			96,
			96,
			96
		  ],
		  "Texture": "WoodPlanks_Color.jpg"
		}
	  ]
	}
  ],
  "Name": "Squid.WoodenBox02"
}
